,Week Number,Date,region,Influenza Positive Cases
18320,201701,2017-01-01,Bay Area,307
18330,201701,2017-01-01,California,670
18340,201701,2017-01-01,Central,43
18350,201701,2017-01-01,Lower Southern,175
18360,201701,2017-01-01,Northern,41
18370,201701,2017-01-01,Upper Southern,104
18380,201702,2017-01-08,Bay Area,282
18390,201702,2017-01-08,California,619
18400,201702,2017-01-08,Central,45
18410,201702,2017-01-08,Lower Southern,153
18420,201702,2017-01-08,Northern,39
18430,201702,2017-01-08,Upper Southern,100
18440,201703,2017-01-15,Bay Area,169
18450,201703,2017-01-15,California,493
18460,201703,2017-01-15,Central,56
18470,201703,2017-01-15,Lower Southern,119
18480,201703,2017-01-15,Northern,25
18490,201703,2017-01-15,Upper Southern,124
18500,201704,2017-01-22,Bay Area,165
18510,201704,2017-01-22,California,452
18520,201704,2017-01-22,Central,98
18530,201704,2017-01-22,Lower Southern,88
18540,201704,2017-01-22,Northern,14
18550,201704,2017-01-22,Upper Southern,87
18560,201705,2017-01-29,Bay Area,83
18570,201705,2017-01-29,California,335
18580,201705,2017-01-29,Central,35
18590,201705,2017-01-29,Lower Southern,121
18600,201705,2017-01-29,Northern,13
18610,201705,2017-01-29,Upper Southern,83
18620,201706,2017-02-05,Bay Area,88
18630,201706,2017-02-05,California,383
18640,201706,2017-02-05,Central,50
18650,201706,2017-02-05,Lower Southern,138
18660,201706,2017-02-05,Northern,12
18670,201706,2017-02-05,Upper Southern,95
18680,201707,2017-02-12,Bay Area,42
18690,201707,2017-02-12,California,231
18700,201707,2017-02-12,Central,26
18710,201707,2017-02-12,Lower Southern,107
18720,201707,2017-02-12,Northern,5
18730,201707,2017-02-12,Upper Southern,51
18740,201708,2017-02-19,Bay Area,33
18750,201708,2017-02-19,California,159
18760,201708,2017-02-19,Central,17
18770,201708,2017-02-19,Lower Southern,69
18780,201708,2017-02-19,Northern,3
18790,201708,2017-02-19,Upper Southern,37
18800,201709,2017-02-26,Bay Area,23
18810,201709,2017-02-26,California,128
18820,201709,2017-02-26,Central,21
18830,201709,2017-02-26,Lower Southern,52
18840,201709,2017-02-26,Northern,6
18850,201709,2017-02-26,Upper Southern,26
18860,201710,2017-03-05,Bay Area,28
18870,201710,2017-03-05,California,100
18880,201710,2017-03-05,Central,20
18890,201710,2017-03-05,Lower Southern,39
18900,201710,2017-03-05,Northern,3
18910,201710,2017-03-05,Upper Southern,10
18920,201711,2017-03-12,Bay Area,23
18930,201711,2017-03-12,California,90
18940,201711,2017-03-12,Central,11
18950,201711,2017-03-12,Lower Southern,23
18960,201711,2017-03-12,Northern,1
18970,201711,2017-03-12,Upper Southern,32
18980,201712,2017-03-19,Bay Area,6
18990,201712,2017-03-19,California,32
19000,201712,2017-03-19,Central,10
19010,201712,2017-03-19,Lower Southern,13
19020,201712,2017-03-19,Northern,1
19030,201712,2017-03-19,Upper Southern,2
19040,201713,2017-03-26,Bay Area,7
19050,201713,2017-03-26,California,21
19060,201713,2017-03-26,Central,1
19070,201713,2017-03-26,Lower Southern,10
19080,201713,2017-03-26,Northern,0
19090,201713,2017-03-26,Upper Southern,3
19100,201714,2017-04-02,Bay Area,3
19110,201714,2017-04-02,California,11
19120,201714,2017-04-02,Central,1
19130,201714,2017-04-02,Lower Southern,6
19140,201714,2017-04-02,Northern,1
19150,201714,2017-04-02,Upper Southern,0
19160,201715,2017-04-09,Bay Area,4
19170,201715,2017-04-09,California,19
19180,201715,2017-04-09,Central,0
19190,201715,2017-04-09,Lower Southern,8
19200,201715,2017-04-09,Northern,1
19210,201715,2017-04-09,Upper Southern,6
19220,201716,2017-04-16,Bay Area,7
19230,201716,2017-04-16,California,18
19240,201716,2017-04-16,Central,2
19250,201716,2017-04-16,Lower Southern,8
19260,201716,2017-04-16,Northern,0
19270,201716,2017-04-16,Upper Southern,1
19280,201717,2017-04-23,Bay Area,5
19290,201717,2017-04-23,California,15
19300,201717,2017-04-23,Central,1
19310,201717,2017-04-23,Lower Southern,5
19320,201717,2017-04-23,Northern,1
19330,201717,2017-04-23,Upper Southern,3
19340,201718,2017-04-30,Bay Area,3
19350,201718,2017-04-30,California,11
19360,201718,2017-04-30,Central,1
19370,201718,2017-04-30,Lower Southern,6
19380,201718,2017-04-30,Northern,0
19390,201718,2017-04-30,Upper Southern,1
19400,201719,2017-05-07,Bay Area,4
19410,201719,2017-05-07,California,9
19420,201719,2017-05-07,Central,0
19430,201719,2017-05-07,Lower Southern,4
19440,201719,2017-05-07,Northern,1
19450,201719,2017-05-07,Upper Southern,0
19460,201720,2017-05-14,Bay Area,4
19470,201720,2017-05-14,California,14
19480,201720,2017-05-14,Central,0
19490,201720,2017-05-14,Lower Southern,10
19500,201720,2017-05-14,Northern,0
19510,201720,2017-05-14,Upper Southern,0
19520,201721,2017-05-21,Bay Area,8
19530,201721,2017-05-21,California,17
19540,201721,2017-05-21,Central,0
19550,201721,2017-05-21,Lower Southern,9
19560,201721,2017-05-21,Northern,0
19570,201721,2017-05-21,Upper Southern,0
19580,201722,2017-05-28,Bay Area,0
19590,201722,2017-05-28,California,6
19600,201722,2017-05-28,Central,0
19610,201722,2017-05-28,Lower Southern,5
19620,201722,2017-05-28,Northern,1
19630,201722,2017-05-28,Upper Southern,0
19640,201723,2017-06-04,Bay Area,1
19650,201723,2017-06-04,California,7
19660,201723,2017-06-04,Central,1
19670,201723,2017-06-04,Lower Southern,5
19680,201723,2017-06-04,Northern,0
19690,201723,2017-06-04,Upper Southern,0
19700,201724,2017-06-11,Bay Area,1
19710,201724,2017-06-11,California,3
19720,201724,2017-06-11,Central,1
19730,201724,2017-06-11,Lower Southern,1
19740,201724,2017-06-11,Northern,0
19750,201724,2017-06-11,Upper Southern,0
19760,201725,2017-06-18,Bay Area,7
19770,201725,2017-06-18,California,14
19780,201725,2017-06-18,Central,0
19790,201725,2017-06-18,Lower Southern,4
19800,201725,2017-06-18,Northern,1
19810,201725,2017-06-18,Upper Southern,2
19820,201726,2017-06-25,Bay Area,3
19830,201726,2017-06-25,California,4
19840,201726,2017-06-25,Central,0
19850,201726,2017-06-25,Lower Southern,1
19860,201726,2017-06-25,Northern,0
19870,201726,2017-06-25,Upper Southern,0
19880,201727,2017-07-02,Bay Area,2
19890,201727,2017-07-02,California,8
19900,201727,2017-07-02,Central,1
19910,201727,2017-07-02,Lower Southern,4
19920,201727,2017-07-02,Northern,1
19930,201727,2017-07-02,Upper Southern,0
19940,201728,2017-07-09,Bay Area,4
19950,201728,2017-07-09,California,6
19960,201728,2017-07-09,Central,0
19970,201728,2017-07-09,Lower Southern,1
19980,201728,2017-07-09,Northern,1
19990,201728,2017-07-09,Upper Southern,0
20000,201729,2017-07-16,Bay Area,2
20010,201729,2017-07-16,California,3
20020,201729,2017-07-16,Central,1
20030,201729,2017-07-16,Lower Southern,0
20040,201729,2017-07-16,Northern,0
20050,201729,2017-07-16,Upper Southern,0
20060,201730,2017-07-23,Bay Area,4
20070,201730,2017-07-23,California,18
20080,201730,2017-07-23,Central,2
20090,201730,2017-07-23,Lower Southern,12
20100,201730,2017-07-23,Northern,0
20110,201730,2017-07-23,Upper Southern,0
20120,201731,2017-07-30,Bay Area,2
20130,201731,2017-07-30,California,2
20140,201731,2017-07-30,Central,0
20150,201731,2017-07-30,Lower Southern,0
20160,201731,2017-07-30,Northern,0
20170,201731,2017-07-30,Upper Southern,0
20180,201732,2017-08-06,Bay Area,1
20190,201732,2017-08-06,California,2
20200,201732,2017-08-06,Central,0
20210,201732,2017-08-06,Lower Southern,0
20220,201732,2017-08-06,Northern,0
20230,201732,2017-08-06,Upper Southern,1
20240,201733,2017-08-13,Bay Area,3
20250,201733,2017-08-13,California,6
20260,201733,2017-08-13,Central,0
20270,201733,2017-08-13,Lower Southern,2
20280,201733,2017-08-13,Northern,0
20290,201733,2017-08-13,Upper Southern,1
20300,201734,2017-08-20,Bay Area,3
20310,201734,2017-08-20,California,5
20320,201734,2017-08-20,Central,0
20330,201734,2017-08-20,Lower Southern,2
20340,201734,2017-08-20,Northern,0
20350,201734,2017-08-20,Upper Southern,0
20360,201735,2017-08-27,Bay Area,4
20370,201735,2017-08-27,California,6
20380,201735,2017-08-27,Central,0
20390,201735,2017-08-27,Lower Southern,1
20400,201735,2017-08-27,Northern,0
20410,201735,2017-08-27,Upper Southern,1
20420,201736,2017-09-03,Bay Area,3
20430,201736,2017-09-03,California,8
20440,201736,2017-09-03,Central,1
20450,201736,2017-09-03,Lower Southern,4
20460,201736,2017-09-03,Northern,0
20470,201736,2017-09-03,Upper Southern,0
20480,201737,2017-09-10,Bay Area,1
20490,201737,2017-09-10,California,12
20500,201737,2017-09-10,Central,0
20510,201737,2017-09-10,Lower Southern,7
20520,201737,2017-09-10,Northern,0
20530,201737,2017-09-10,Upper Southern,4
20540,201738,2017-09-17,Bay Area,2
20550,201738,2017-09-17,California,14
20560,201738,2017-09-17,Central,0
20570,201738,2017-09-17,Lower Southern,4
20580,201738,2017-09-17,Northern,0
20590,201738,2017-09-17,Upper Southern,8
20600,201739,2017-09-24,Bay Area,8
20610,201739,2017-09-24,California,16
20620,201739,2017-09-24,Central,0
20630,201739,2017-09-24,Lower Southern,1
20640,201739,2017-09-24,Northern,0
20650,201739,2017-09-24,Upper Southern,7
20660,201740,2017-10-01,Bay Area,2
20670,201740,2017-10-01,California,22
20680,201740,2017-10-01,Central,6
20690,201740,2017-10-01,Lower Southern,9
20700,201740,2017-10-01,Northern,0
20710,201740,2017-10-01,Upper Southern,5
20720,201741,2017-10-08,Bay Area,3
20730,201741,2017-10-08,California,30
20740,201741,2017-10-08,Central,7
20750,201741,2017-10-08,Lower Southern,13
20760,201741,2017-10-08,Northern,3
20770,201741,2017-10-08,Upper Southern,4
20780,201742,2017-10-15,Bay Area,15
20790,201742,2017-10-15,California,34
20800,201742,2017-10-15,Central,0
20810,201742,2017-10-15,Lower Southern,13
20820,201742,2017-10-15,Northern,3
20830,201742,2017-10-15,Upper Southern,3
20840,201743,2017-10-22,Bay Area,13
20850,201743,2017-10-22,California,38
20860,201743,2017-10-22,Central,7
20870,201743,2017-10-22,Lower Southern,14
20880,201743,2017-10-22,Northern,1
20890,201743,2017-10-22,Upper Southern,3
20900,201744,2017-10-29,Bay Area,7
20910,201744,2017-10-29,California,49
20920,201744,2017-10-29,Central,7
20930,201744,2017-10-29,Lower Southern,23
20940,201744,2017-10-29,Northern,4
20950,201744,2017-10-29,Upper Southern,8
20960,201745,2017-11-05,Bay Area,21
20970,201745,2017-11-05,California,71
20980,201745,2017-11-05,Central,6
20990,201745,2017-11-05,Lower Southern,35
21000,201745,2017-11-05,Northern,1
21010,201745,2017-11-05,Upper Southern,8
21020,201746,2017-11-12,Bay Area,7
21030,201746,2017-11-12,California,62
21040,201746,2017-11-12,Central,7
21050,201746,2017-11-12,Lower Southern,26
21060,201746,2017-11-12,Northern,8
21070,201746,2017-11-12,Upper Southern,14
21080,201747,2017-11-19,Bay Area,15
21090,201747,2017-11-19,California,46
21100,201747,2017-11-19,Central,5
21110,201747,2017-11-19,Lower Southern,15
21120,201747,2017-11-19,Northern,0
21130,201747,2017-11-19,Upper Southern,11
21140,201748,2017-11-26,Bay Area,31
21150,201748,2017-11-26,California,98
21160,201748,2017-11-26,Central,12
21170,201748,2017-11-26,Lower Southern,33
21180,201748,2017-11-26,Northern,1
21190,201748,2017-11-26,Upper Southern,21
21200,201749,2017-12-03,Bay Area,21
21210,201749,2017-12-03,California,98
21220,201749,2017-12-03,Central,5
21230,201749,2017-12-03,Lower Southern,48
21240,201749,2017-12-03,Northern,0
21250,201749,2017-12-03,Upper Southern,24
21260,201750,2017-12-10,Bay Area,46
21270,201750,2017-12-10,California,234
21280,201750,2017-12-10,Central,22
21290,201750,2017-12-10,Lower Southern,109
21300,201750,2017-12-10,Northern,4
21310,201750,2017-12-10,Upper Southern,53
21320,201751,2017-12-17,Bay Area,79
21330,201751,2017-12-17,California,484
21340,201751,2017-12-17,Central,22
21350,201751,2017-12-17,Lower Southern,269
21360,201751,2017-12-17,Northern,9
21370,201751,2017-12-17,Upper Southern,105
21380,201752,2017-12-24,Bay Area,160
21390,201752,2017-12-24,California,791
21400,201752,2017-12-24,Central,41
21410,201752,2017-12-24,Lower Southern,325
21420,201752,2017-12-24,Northern,3
21430,201752,2017-12-24,Upper Southern,262
21440,201801,2017-12-31,Bay Area,291
21450,201801,2017-12-31,California,941
21460,201801,2017-12-31,Central,51
21470,201801,2017-12-31,Lower Southern,371
21480,201801,2017-12-31,Northern,14
21490,201801,2017-12-31,Upper Southern,214
21500,201802,2018-01-07,Bay Area,262
21510,201802,2018-01-07,California,868
21520,201802,2018-01-07,Central,60
21530,201802,2018-01-07,Lower Southern,300
21540,201802,2018-01-07,Northern,54
21550,201802,2018-01-07,Upper Southern,192
21560,201803,2018-01-14,Bay Area,161
21570,201803,2018-01-14,California,542
21580,201803,2018-01-14,Central,66
21590,201803,2018-01-14,Lower Southern,111
21600,201803,2018-01-14,Northern,16
21610,201803,2018-01-14,Upper Southern,188
21620,201804,2018-01-21,Bay Area,111
21630,201804,2018-01-21,California,409
21640,201804,2018-01-21,Central,47
21650,201804,2018-01-21,Lower Southern,74
21660,201804,2018-01-21,Northern,29
21670,201804,2018-01-21,Upper Southern,148
21680,201805,2018-01-28,Bay Area,77
21690,201805,2018-01-28,California,361
21700,201805,2018-01-28,Central,29
21710,201805,2018-01-28,Lower Southern,103
21720,201805,2018-01-28,Northern,8
21730,201805,2018-01-28,Upper Southern,144
21740,201806,2018-02-04,Bay Area,79
21750,201806,2018-02-04,California,382
21760,201806,2018-02-04,Central,12
21770,201806,2018-02-04,Lower Southern,105
21780,201806,2018-02-04,Northern,10
21790,201806,2018-02-04,Upper Southern,176
21800,201807,2018-02-11,Bay Area,48
21810,201807,2018-02-11,California,279
21820,201807,2018-02-11,Central,11
21830,201807,2018-02-11,Lower Southern,66
21840,201807,2018-02-11,Northern,11
21850,201807,2018-02-11,Upper Southern,143
21860,201808,2018-02-18,Bay Area,59
21870,201808,2018-02-18,California,173
21880,201808,2018-02-18,Central,11
21890,201808,2018-02-18,Lower Southern,42
21900,201808,2018-02-18,Northern,5
21910,201808,2018-02-18,Upper Southern,56
21920,201809,2018-02-25,Bay Area,45
21930,201809,2018-02-25,California,197
21940,201809,2018-02-25,Central,10
21950,201809,2018-02-25,Lower Southern,58
21960,201809,2018-02-25,Northern,9
21970,201809,2018-02-25,Upper Southern,75
21980,201810,2018-03-04,Bay Area,38
21990,201810,2018-03-04,California,257
22000,201810,2018-03-04,Central,12
22010,201810,2018-03-04,Lower Southern,81
22020,201810,2018-03-04,Northern,16
22030,201810,2018-03-04,Upper Southern,110
22040,201811,2018-03-11,Bay Area,41
22050,201811,2018-03-11,California,189
22060,201811,2018-03-11,Central,7
22070,201811,2018-03-11,Lower Southern,37
22080,201811,2018-03-11,Northern,8
22090,201811,2018-03-11,Upper Southern,96
22100,201812,2018-03-18,Bay Area,25
22110,201812,2018-03-18,California,91
22120,201812,2018-03-18,Central,11
22130,201812,2018-03-18,Lower Southern,18
22140,201812,2018-03-18,Northern,14
22150,201812,2018-03-18,Upper Southern,23
22160,201813,2018-03-25,Bay Area,19
22170,201813,2018-03-25,California,72
22180,201813,2018-03-25,Central,3
22190,201813,2018-03-25,Lower Southern,12
22200,201813,2018-03-25,Northern,2
22210,201813,2018-03-25,Upper Southern,36
22220,201814,2018-04-01,Bay Area,20
22230,201814,2018-04-01,California,83
22240,201814,2018-04-01,Central,3
22250,201814,2018-04-01,Lower Southern,38
22260,201814,2018-04-01,Northern,4
22270,201814,2018-04-01,Upper Southern,18
22280,201815,2018-04-08,Bay Area,6
22290,201815,2018-04-08,California,48
22300,201815,2018-04-08,Central,0
22310,201815,2018-04-08,Lower Southern,36
22320,201815,2018-04-08,Northern,2
22330,201815,2018-04-08,Upper Southern,4
22340,201816,2018-04-15,Bay Area,4
22350,201816,2018-04-15,California,41
22360,201816,2018-04-15,Central,3
22370,201816,2018-04-15,Lower Southern,34
22380,201816,2018-04-15,Northern,0
22390,201816,2018-04-15,Upper Southern,0
22400,201817,2018-04-22,Bay Area,8
22410,201817,2018-04-22,California,23
22420,201817,2018-04-22,Central,0
22430,201817,2018-04-22,Lower Southern,5
22440,201817,2018-04-22,Northern,3
22450,201817,2018-04-22,Upper Southern,7
22460,201818,2018-04-29,Bay Area,6
22470,201818,2018-04-29,California,15
22480,201818,2018-04-29,Central,4
22490,201818,2018-04-29,Lower Southern,2
22500,201818,2018-04-29,Northern,0
22510,201818,2018-04-29,Upper Southern,3
22520,201819,2018-05-06,Bay Area,0
22530,201819,2018-05-06,California,5
22540,201819,2018-05-06,Central,0
22550,201819,2018-05-06,Lower Southern,3
22560,201819,2018-05-06,Northern,0
22570,201819,2018-05-06,Upper Southern,2
22580,201820,2018-05-13,Bay Area,0
22590,201820,2018-05-13,California,0
22600,201820,2018-05-13,Central,0
22610,201820,2018-05-13,Lower Southern,0
22620,201820,2018-05-13,Northern,0
22630,201820,2018-05-13,Upper Southern,0
22640,201821,2018-05-20,Bay Area,0
22650,201821,2018-05-20,California,0
22660,201821,2018-05-20,Central,0
22670,201821,2018-05-20,Lower Southern,0
22680,201821,2018-05-20,Northern,0
22690,201821,2018-05-20,Upper Southern,0
22700,201822,2018-05-27,Bay Area,0
22710,201822,2018-05-27,California,1
22720,201822,2018-05-27,Central,1
22730,201822,2018-05-27,Lower Southern,0
22740,201822,2018-05-27,Northern,0
22750,201822,2018-05-27,Upper Southern,0
22760,201823,2018-06-03,Bay Area,0
22770,201823,2018-06-03,California,2
22780,201823,2018-06-03,Central,0
22790,201823,2018-06-03,Lower Southern,0
22800,201823,2018-06-03,Northern,0
22810,201823,2018-06-03,Upper Southern,2
22820,201824,2018-06-10,Bay Area,1
22830,201824,2018-06-10,California,3
22840,201824,2018-06-10,Central,0
22850,201824,2018-06-10,Lower Southern,2
22860,201824,2018-06-10,Northern,0
22870,201824,2018-06-10,Upper Southern,0
22880,201825,2018-06-17,Bay Area,0
22890,201825,2018-06-17,California,0
22900,201825,2018-06-17,Central,0
22910,201825,2018-06-17,Lower Southern,0
22920,201825,2018-06-17,Northern,0
22930,201825,2018-06-17,Upper Southern,0
22940,201826,2018-06-24,Bay Area,0
22950,201826,2018-06-24,California,0
22960,201826,2018-06-24,Central,0
22970,201826,2018-06-24,Lower Southern,0
22980,201826,2018-06-24,Northern,0
22990,201826,2018-06-24,Upper Southern,0
23000,201827,2018-07-01,Bay Area,2
23010,201827,2018-07-01,California,3
23020,201827,2018-07-01,Central,0
23030,201827,2018-07-01,Lower Southern,0
23040,201827,2018-07-01,Northern,1
23050,201827,2018-07-01,Upper Southern,0
23060,201828,2018-07-08,Bay Area,2
23070,201828,2018-07-08,California,3
23080,201828,2018-07-08,Central,0
23090,201828,2018-07-08,Lower Southern,0
23100,201828,2018-07-08,Northern,1
23110,201828,2018-07-08,Upper Southern,0
23120,201829,2018-07-15,Bay Area,0
23130,201829,2018-07-15,California,2
23140,201829,2018-07-15,Central,0
23150,201829,2018-07-15,Lower Southern,1
23160,201829,2018-07-15,Northern,0
23170,201829,2018-07-15,Upper Southern,1
23180,201830,2018-07-22,Bay Area,0
23190,201830,2018-07-22,California,1
23200,201830,2018-07-22,Central,0
23210,201830,2018-07-22,Lower Southern,0
23220,201830,2018-07-22,Northern,0
23230,201830,2018-07-22,Upper Southern,1
23240,201831,2018-07-29,Bay Area,0
23250,201831,2018-07-29,California,10
23260,201831,2018-07-29,Central,0
23270,201831,2018-07-29,Lower Southern,0
23280,201831,2018-07-29,Northern,0
23290,201831,2018-07-29,Upper Southern,10
23300,201832,2018-08-05,Bay Area,0
23310,201832,2018-08-05,California,3
23320,201832,2018-08-05,Central,0
23330,201832,2018-08-05,Lower Southern,0
23340,201832,2018-08-05,Northern,0
23350,201832,2018-08-05,Upper Southern,3
23360,201833,2018-08-12,Bay Area,0
23370,201833,2018-08-12,California,1
23380,201833,2018-08-12,Central,0
23390,201833,2018-08-12,Lower Southern,0
23400,201833,2018-08-12,Northern,0
23410,201833,2018-08-12,Upper Southern,1
23420,201834,2018-08-19,Bay Area,0
23430,201834,2018-08-19,California,0
23440,201834,2018-08-19,Central,0
23450,201834,2018-08-19,Lower Southern,0
23460,201834,2018-08-19,Northern,0
23470,201834,2018-08-19,Upper Southern,0
23480,201835,2018-08-26,Bay Area,1
23490,201835,2018-08-26,California,1
23500,201835,2018-08-26,Central,0
23510,201835,2018-08-26,Lower Southern,0
23520,201835,2018-08-26,Northern,0
23530,201835,2018-08-26,Upper Southern,0
23540,201836,2018-09-02,Bay Area,4
23550,201836,2018-09-02,California,5
23560,201836,2018-09-02,Central,0
23570,201836,2018-09-02,Lower Southern,1
23580,201836,2018-09-02,Northern,0
23590,201836,2018-09-02,Upper Southern,0
23600,201837,2018-09-09,Bay Area,2
23610,201837,2018-09-09,California,4
23620,201837,2018-09-09,Central,0
23630,201837,2018-09-09,Lower Southern,1
23640,201837,2018-09-09,Northern,0
23650,201837,2018-09-09,Upper Southern,1
23660,201838,2018-09-16,Bay Area,2
23670,201838,2018-09-16,California,4
23680,201838,2018-09-16,Central,0
23690,201838,2018-09-16,Lower Southern,2
23700,201838,2018-09-16,Northern,0
23710,201838,2018-09-16,Upper Southern,0
23720,201839,2018-09-23,Bay Area,0
23730,201839,2018-09-23,California,0
23740,201839,2018-09-23,Central,0
23750,201839,2018-09-23,Lower Southern,0
23760,201839,2018-09-23,Northern,0
23770,201839,2018-09-23,Upper Southern,0
23780,201840,2018-09-30,Bay Area,0
23790,201840,2018-09-30,California,1
23800,201840,2018-09-30,Central,0
23810,201840,2018-09-30,Lower Southern,0
23820,201840,2018-09-30,Northern,0
23830,201840,2018-09-30,Upper Southern,1
23840,201841,2018-10-07,Bay Area,0
23850,201841,2018-10-07,California,3
23860,201841,2018-10-07,Central,0
23870,201841,2018-10-07,Lower Southern,3
23880,201841,2018-10-07,Northern,0
23890,201841,2018-10-07,Upper Southern,0
23900,201842,2018-10-14,Bay Area,4
23910,201842,2018-10-14,California,13
23920,201842,2018-10-14,Central,0
23930,201842,2018-10-14,Lower Southern,8
23940,201842,2018-10-14,Northern,0
23950,201842,2018-10-14,Upper Southern,1
23960,201843,2018-10-21,Bay Area,1
23970,201843,2018-10-21,California,11
23980,201843,2018-10-21,Central,1
23990,201843,2018-10-21,Lower Southern,8
24000,201843,2018-10-21,Northern,0
24010,201843,2018-10-21,Upper Southern,1
24020,201844,2018-10-28,Bay Area,2
24030,201844,2018-10-28,California,16
24040,201844,2018-10-28,Central,5
24050,201844,2018-10-28,Lower Southern,7
24060,201844,2018-10-28,Northern,0
24070,201844,2018-10-28,Upper Southern,2
24080,201845,2018-11-04,Bay Area,5
24090,201845,2018-11-04,California,29
24100,201845,2018-11-04,Central,3
24110,201845,2018-11-04,Lower Southern,14
24120,201845,2018-11-04,Northern,0
24130,201845,2018-11-04,Upper Southern,7
24140,201846,2018-11-11,Bay Area,6
24150,201846,2018-11-11,California,27
24160,201846,2018-11-11,Central,5
24170,201846,2018-11-11,Lower Southern,9
24180,201846,2018-11-11,Northern,0
24190,201846,2018-11-11,Upper Southern,7
24200,201847,2018-11-18,Bay Area,5
24210,201847,2018-11-18,California,69
24220,201847,2018-11-18,Central,18
24230,201847,2018-11-18,Lower Southern,41
24240,201847,2018-11-18,Northern,0
24250,201847,2018-11-18,Upper Southern,5
24260,201848,2018-11-25,Bay Area,12
24270,201848,2018-11-25,California,82
24280,201848,2018-11-25,Central,20
24290,201848,2018-11-25,Lower Southern,43
24300,201848,2018-11-25,Northern,4
24310,201848,2018-11-25,Upper Southern,3
24320,201849,2018-12-02,Bay Area,7
24330,201849,2018-12-02,California,71
24340,201849,2018-12-02,Central,17
24350,201849,2018-12-02,Lower Southern,37
24360,201849,2018-12-02,Northern,2
24370,201849,2018-12-02,Upper Southern,8
24380,201850,2018-12-09,Bay Area,18
24390,201850,2018-12-09,California,119
24400,201850,2018-12-09,Central,12
24410,201850,2018-12-09,Lower Southern,66
24420,201850,2018-12-09,Northern,5
24430,201850,2018-12-09,Upper Southern,18
24440,201851,2018-12-16,Bay Area,20
24450,201851,2018-12-16,California,167
24460,201851,2018-12-16,Central,39
24470,201851,2018-12-16,Lower Southern,58
24480,201851,2018-12-16,Northern,12
24490,201851,2018-12-16,Upper Southern,38
24500,201852,2018-12-23,Bay Area,50
24510,201852,2018-12-23,California,201
24520,201852,2018-12-23,Central,18
24530,201852,2018-12-23,Lower Southern,89
24540,201852,2018-12-23,Northern,0
24550,201852,2018-12-23,Upper Southern,44
24560,201901,2018-12-30,Bay Area,78
24570,201901,2018-12-30,California,267
24580,201901,2018-12-30,Central,26
24590,201901,2018-12-30,Lower Southern,102
24600,201901,2018-12-30,Northern,1
24610,201901,2018-12-30,Upper Southern,60
24620,201902,2019-01-06,Bay Area,98
24630,201902,2019-01-06,California,393
24640,201902,2019-01-06,Central,30
24650,201902,2019-01-06,Lower Southern,164
24660,201902,2019-01-06,Northern,0
24670,201902,2019-01-06,Upper Southern,101
24680,201903,2019-01-13,Bay Area,68
24690,201903,2019-01-13,California,238
24700,201903,2019-01-13,Central,34
24710,201903,2019-01-13,Lower Southern,79
24720,201903,2019-01-13,Northern,7
24730,201903,2019-01-13,Upper Southern,50
24740,201904,2019-01-20,Bay Area,92
24750,201904,2019-01-20,California,213
24760,201904,2019-01-20,Central,31
24770,201904,2019-01-20,Lower Southern,47
24780,201904,2019-01-20,Northern,0
24790,201904,2019-01-20,Upper Southern,43
24800,201905,2019-01-27,Bay Area,76
24810,201905,2019-01-27,California,252
24820,201905,2019-01-27,Central,33
24830,201905,2019-01-27,Lower Southern,103
24840,201905,2019-01-27,Northern,2
24850,201905,2019-01-27,Upper Southern,38
24860,201906,2019-02-03,Bay Area,55
24870,201906,2019-02-03,California,224
24880,201906,2019-02-03,Central,27
24890,201906,2019-02-03,Lower Southern,82
24900,201906,2019-02-03,Northern,14
24910,201906,2019-02-03,Upper Southern,46
24920,201907,2019-02-10,Bay Area,64
24930,201907,2019-02-10,California,226
24940,201907,2019-02-10,Central,21
24950,201907,2019-02-10,Lower Southern,92
24960,201907,2019-02-10,Northern,6
24970,201907,2019-02-10,Upper Southern,43
24980,201908,2019-02-17,Bay Area,83
24990,201908,2019-02-17,California,238
25000,201908,2019-02-17,Central,18
25010,201908,2019-02-17,Lower Southern,80
25020,201908,2019-02-17,Northern,10
25030,201908,2019-02-17,Upper Southern,47
25040,201909,2019-02-24,Bay Area,108
25050,201909,2019-02-24,California,319
25060,201909,2019-02-24,Central,26
25070,201909,2019-02-24,Lower Southern,124
25080,201909,2019-02-24,Northern,2
25090,201909,2019-02-24,Upper Southern,59
25100,201910,2019-03-03,Bay Area,62
25110,201910,2019-03-03,California,328
25120,201910,2019-03-03,Central,56
25130,201910,2019-03-03,Lower Southern,145
25140,201910,2019-03-03,Northern,3
25150,201910,2019-03-03,Upper Southern,62
25160,201911,2019-03-10,Bay Area,68
25170,201911,2019-03-10,California,203
25180,201911,2019-03-10,Central,58
25190,201911,2019-03-10,Lower Southern,38
25200,201911,2019-03-10,Northern,1
25210,201911,2019-03-10,Upper Southern,38
25220,201912,2019-03-17,Bay Area,76
25230,201912,2019-03-17,California,218
25240,201912,2019-03-17,Central,44
25250,201912,2019-03-17,Lower Southern,41
25260,201912,2019-03-17,Northern,6
25270,201912,2019-03-17,Upper Southern,51
25280,201913,2019-03-24,Bay Area,54
25290,201913,2019-03-24,California,159
25300,201913,2019-03-24,Central,37
25310,201913,2019-03-24,Lower Southern,35
25320,201913,2019-03-24,Northern,7
25330,201913,2019-03-24,Upper Southern,26
25340,201914,2019-03-31,Bay Area,28
25350,201914,2019-03-31,California,174
25360,201914,2019-03-31,Central,31
25370,201914,2019-03-31,Lower Southern,74
25380,201914,2019-03-31,Northern,6
25390,201914,2019-03-31,Upper Southern,35
25400,201915,2019-04-07,Bay Area,26
25410,201915,2019-04-07,California,84
25420,201915,2019-04-07,Central,28
25430,201915,2019-04-07,Lower Southern,23
25440,201915,2019-04-07,Northern,0
25450,201915,2019-04-07,Upper Southern,7
25460,201916,2019-04-14,Bay Area,6
25470,201916,2019-04-14,California,41
25480,201916,2019-04-14,Central,12
25490,201916,2019-04-14,Lower Southern,13
25500,201916,2019-04-14,Northern,0
25510,201916,2019-04-14,Upper Southern,10
25520,201917,2019-04-21,Bay Area,11
25530,201917,2019-04-21,California,29
25540,201917,2019-04-21,Central,7
25550,201917,2019-04-21,Lower Southern,4
25560,201917,2019-04-21,Northern,1
25570,201917,2019-04-21,Upper Southern,6
25580,201918,2019-04-28,Bay Area,10
25590,201918,2019-04-28,California,29
25600,201918,2019-04-28,Central,8
25610,201918,2019-04-28,Lower Southern,7
25620,201918,2019-04-28,Northern,1
25630,201918,2019-04-28,Upper Southern,3
25640,201919,2019-05-05,Bay Area,2
25650,201919,2019-05-05,California,10
25660,201919,2019-05-05,Central,1
25670,201919,2019-05-05,Lower Southern,7
25680,201919,2019-05-05,Northern,0
25690,201919,2019-05-05,Upper Southern,0
25700,201920,2019-05-12,Bay Area,3
25710,201920,2019-05-12,California,11
25720,201920,2019-05-12,Central,4
25730,201920,2019-05-12,Lower Southern,4
25740,201920,2019-05-12,Northern,0
25750,201920,2019-05-12,Upper Southern,0
25760,201921,2019-05-19,Bay Area,2
25770,201921,2019-05-19,California,10
25780,201921,2019-05-19,Central,2
25790,201921,2019-05-19,Lower Southern,5
25800,201921,2019-05-19,Northern,0
25810,201921,2019-05-19,Upper Southern,1
25820,201922,2019-05-26,Bay Area,2
25830,201922,2019-05-26,California,15
25840,201922,2019-05-26,Central,6
25850,201922,2019-05-26,Lower Southern,7
25860,201922,2019-05-26,Northern,0
25870,201922,2019-05-26,Upper Southern,0
25880,201923,2019-06-02,Bay Area,0
25890,201923,2019-06-02,California,9
25900,201923,2019-06-02,Central,0
25910,201923,2019-06-02,Lower Southern,9
25920,201923,2019-06-02,Northern,0
25930,201923,2019-06-02,Upper Southern,0
25940,201924,2019-06-09,Bay Area,1
25950,201924,2019-06-09,California,9
25960,201924,2019-06-09,Central,1
25970,201924,2019-06-09,Lower Southern,7
25980,201924,2019-06-09,Northern,0
25990,201924,2019-06-09,Upper Southern,0
26000,201925,2019-06-16,Bay Area,11
26010,201925,2019-06-16,California,12
26020,201925,2019-06-16,Central,0
26030,201925,2019-06-16,Lower Southern,1
26040,201925,2019-06-16,Northern,0
26050,201925,2019-06-16,Upper Southern,0
26060,201926,2019-06-23,Bay Area,7
26070,201926,2019-06-23,California,9
26080,201926,2019-06-23,Central,0
26090,201926,2019-06-23,Lower Southern,1
26100,201926,2019-06-23,Northern,0
26110,201926,2019-06-23,Upper Southern,1
26120,201927,2019-06-30,Bay Area,0
26130,201927,2019-06-30,California,3
26140,201927,2019-06-30,Central,1
26150,201927,2019-06-30,Lower Southern,2
26160,201927,2019-06-30,Northern,0
26170,201927,2019-06-30,Upper Southern,0
26180,201928,2019-07-07,Bay Area,1
26190,201928,2019-07-07,California,6
26200,201928,2019-07-07,Central,0
26210,201928,2019-07-07,Lower Southern,5
26220,201928,2019-07-07,Northern,0
26230,201928,2019-07-07,Upper Southern,0
26240,201929,2019-07-14,Bay Area,2
26250,201929,2019-07-14,California,4
26260,201929,2019-07-14,Central,0
26270,201929,2019-07-14,Lower Southern,0
26280,201929,2019-07-14,Northern,0
26290,201929,2019-07-14,Upper Southern,2
26300,201930,2019-07-21,Bay Area,1
26310,201930,2019-07-21,California,2
26320,201930,2019-07-21,Central,0
26330,201930,2019-07-21,Lower Southern,0
26340,201930,2019-07-21,Northern,0
26350,201930,2019-07-21,Upper Southern,1
26360,201931,2019-07-28,Bay Area,2
26370,201931,2019-07-28,California,3
26380,201931,2019-07-28,Central,0
26390,201931,2019-07-28,Lower Southern,1
26400,201931,2019-07-28,Northern,0
26410,201931,2019-07-28,Upper Southern,0
26420,201932,2019-08-04,Bay Area,0
26430,201932,2019-08-04,California,1
26440,201932,2019-08-04,Central,0
26450,201932,2019-08-04,Lower Southern,0
26460,201932,2019-08-04,Northern,0
26470,201932,2019-08-04,Upper Southern,1
26480,201933,2019-08-11,Bay Area,3
26490,201933,2019-08-11,California,10
26500,201933,2019-08-11,Central,1
26510,201933,2019-08-11,Lower Southern,5
26520,201933,2019-08-11,Northern,1
26530,201933,2019-08-11,Upper Southern,0
26540,201934,2019-08-18,Bay Area,3
26550,201934,2019-08-18,California,6
26560,201934,2019-08-18,Central,0
26570,201934,2019-08-18,Lower Southern,1
26580,201934,2019-08-18,Northern,1
26590,201934,2019-08-18,Upper Southern,1
26600,201935,2019-08-25,Bay Area,1
26610,201935,2019-08-25,California,4
26620,201935,2019-08-25,Central,2
26630,201935,2019-08-25,Lower Southern,1
26640,201935,2019-08-25,Northern,0
26650,201935,2019-08-25,Upper Southern,0
26660,201936,2019-09-01,Bay Area,1
26670,201936,2019-09-01,California,4
26680,201936,2019-09-01,Central,0
26690,201936,2019-09-01,Lower Southern,2
26700,201936,2019-09-01,Northern,1
26710,201936,2019-09-01,Upper Southern,0
26720,201937,2019-09-08,Bay Area,1
26730,201937,2019-09-08,California,9
26740,201937,2019-09-08,Central,1
26750,201937,2019-09-08,Lower Southern,2
26760,201937,2019-09-08,Northern,0
26770,201937,2019-09-08,Upper Southern,5
26780,201938,2019-09-15,Bay Area,0
26790,201938,2019-09-15,California,3
26800,201938,2019-09-15,Central,0
26810,201938,2019-09-15,Lower Southern,2
26820,201938,2019-09-15,Northern,1
26830,201938,2019-09-15,Upper Southern,0
26840,201939,2019-09-22,Bay Area,3
26850,201939,2019-09-22,California,5
26860,201939,2019-09-22,Central,0
26870,201939,2019-09-22,Lower Southern,2
26880,201939,2019-09-22,Northern,0
26890,201939,2019-09-22,Upper Southern,0
26900,201940,2019-09-29,Bay Area,3
26910,201940,2019-09-29,California,17
26920,201940,2019-09-29,Central,6
26930,201940,2019-09-29,Lower Southern,7
26940,201940,2019-09-29,Northern,0
26950,201940,2019-09-29,Upper Southern,1
26960,201941,2019-10-06,Bay Area,1
26970,201941,2019-10-06,California,27
26980,201941,2019-10-06,Central,12
26990,201941,2019-10-06,Lower Southern,11
27000,201941,2019-10-06,Northern,0
27010,201941,2019-10-06,Upper Southern,3
27020,201942,2019-10-13,Bay Area,3
27030,201942,2019-10-13,California,17
27040,201942,2019-10-13,Central,1
27050,201942,2019-10-13,Lower Southern,5
27060,201942,2019-10-13,Northern,0
27070,201942,2019-10-13,Upper Southern,8
27080,201943,2019-10-20,Bay Area,3
27090,201943,2019-10-20,California,32
27100,201943,2019-10-20,Central,11
27110,201943,2019-10-20,Lower Southern,14
27120,201943,2019-10-20,Northern,2
27130,201943,2019-10-20,Upper Southern,2
27140,201944,2019-10-27,Bay Area,10
27150,201944,2019-10-27,California,43
27160,201944,2019-10-27,Central,8
27170,201944,2019-10-27,Lower Southern,13
27180,201944,2019-10-27,Northern,6
27190,201944,2019-10-27,Upper Southern,6
27200,201945,2019-11-03,Bay Area,26
27210,201945,2019-11-03,California,118
27220,201945,2019-11-03,Central,20
27230,201945,2019-11-03,Lower Southern,35
27240,201945,2019-11-03,Northern,13
27250,201945,2019-11-03,Upper Southern,24
27260,201946,2019-11-10,Bay Area,13
27270,201946,2019-11-10,California,110
27280,201946,2019-11-10,Central,12
27290,201946,2019-11-10,Lower Southern,38
27300,201946,2019-11-10,Northern,19
27310,201946,2019-11-10,Upper Southern,28
27320,201947,2019-11-17,Bay Area,37
27330,201947,2019-11-17,California,165
27340,201947,2019-11-17,Central,28
27350,201947,2019-11-17,Lower Southern,46
27360,201947,2019-11-17,Northern,17
27370,201947,2019-11-17,Upper Southern,37
27380,201948,2019-11-24,Bay Area,39
27390,201948,2019-11-24,California,131
27400,201948,2019-11-24,Central,20
27410,201948,2019-11-24,Lower Southern,40
27420,201948,2019-11-24,Northern,20
27430,201948,2019-11-24,Upper Southern,12
27440,201949,2019-12-01,Bay Area,60
27450,201949,2019-12-01,California,249
27460,201949,2019-12-01,Central,14
27470,201949,2019-12-01,Lower Southern,102
27480,201949,2019-12-01,Northern,28
27490,201949,2019-12-01,Upper Southern,45
27500,201950,2019-12-08,Bay Area,51
27510,201950,2019-12-08,California,263
27520,201950,2019-12-08,Central,59
27530,201950,2019-12-08,Lower Southern,75
27540,201950,2019-12-08,Northern,18
27550,201950,2019-12-08,Upper Southern,60
27560,201951,2019-12-15,Bay Area,75
27570,201951,2019-12-15,California,272
27580,201951,2019-12-15,Central,41
27590,201951,2019-12-15,Lower Southern,42
27600,201951,2019-12-15,Northern,30
27610,201951,2019-12-15,Upper Southern,84
27620,201952,2019-12-22,Bay Area,73
27630,201952,2019-12-22,California,429
27640,201952,2019-12-22,Central,127
27650,201952,2019-12-22,Lower Southern,105
27660,201952,2019-12-22,Northern,23
27670,201952,2019-12-22,Upper Southern,101
27680,202001,2019-12-29,Bay Area,120
27690,202001,2019-12-29,California,437
27700,202001,2019-12-29,Central,42
27710,202001,2019-12-29,Lower Southern,136
27720,202001,2019-12-29,Northern,37
27730,202001,2019-12-29,Upper Southern,102
27740,202002,2020-01-05,Bay Area,150
27750,202002,2020-01-05,California,465
27760,202002,2020-01-05,Central,27
27770,202002,2020-01-05,Lower Southern,58
27780,202002,2020-01-05,Northern,72
27790,202002,2020-01-05,Upper Southern,158
27800,202003,2020-01-12,Bay Area,147
27810,202003,2020-01-12,California,547
27820,202003,2020-01-12,Central,34
27830,202003,2020-01-12,Lower Southern,47
27840,202003,2020-01-12,Northern,71
27850,202003,2020-01-12,Upper Southern,248
27860,202004,2020-01-19,Bay Area,128
27870,202004,2020-01-19,California,367
27880,202004,2020-01-19,Central,29
27890,202004,2020-01-19,Lower Southern,46
27900,202004,2020-01-19,Northern,82
27910,202004,2020-01-19,Upper Southern,82
27920,202005,2020-01-26,Bay Area,161
27930,202005,2020-01-26,California,454
27940,202005,2020-01-26,Central,56
27950,202005,2020-01-26,Lower Southern,35
27960,202005,2020-01-26,Northern,51
27970,202005,2020-01-26,Upper Southern,151
27980,202006,2020-02-02,Bay Area,91
27990,202006,2020-02-02,California,456
28000,202006,2020-02-02,Central,51
28010,202006,2020-02-02,Lower Southern,129
28020,202006,2020-02-02,Northern,2
28030,202006,2020-02-02,Upper Southern,183
28040,202007,2020-02-09,Bay Area,111
28050,202007,2020-02-09,California,324
28060,202007,2020-02-09,Central,32
28070,202007,2020-02-09,Lower Southern,37
28080,202007,2020-02-09,Northern,4
28090,202007,2020-02-09,Upper Southern,140
28100,202008,2020-02-16,Bay Area,107
28110,202008,2020-02-16,California,215
28120,202008,2020-02-16,Central,25
28130,202008,2020-02-16,Lower Southern,37
28140,202008,2020-02-16,Northern,6
28150,202008,2020-02-16,Upper Southern,40
28160,202009,2020-02-23,Bay Area,73
28170,202009,2020-02-23,California,140
28180,202009,2020-02-23,Central,20
28190,202009,2020-02-23,Lower Southern,27
28200,202009,2020-02-23,Northern,3
28210,202009,2020-02-23,Upper Southern,17
28220,202010,2020-03-01,Bay Area,85
28230,202010,2020-03-01,California,190
28240,202010,2020-03-01,Central,9
28250,202010,2020-03-01,Lower Southern,72
28260,202010,2020-03-01,Northern,10
28270,202010,2020-03-01,Upper Southern,14
28280,202011,2020-03-08,Bay Area,54
28290,202011,2020-03-08,California,111
28300,202011,2020-03-08,Central,14
28310,202011,2020-03-08,Lower Southern,22
28320,202011,2020-03-08,Northern,4
28330,202011,2020-03-08,Upper Southern,17
28340,202012,2020-03-15,Bay Area,39
28350,202012,2020-03-15,California,63
28360,202012,2020-03-15,Central,7
28370,202012,2020-03-15,Lower Southern,6
28380,202012,2020-03-15,Northern,3
28390,202012,2020-03-15,Upper Southern,8
28400,202013,2020-03-22,Bay Area,20
28410,202013,2020-03-22,California,34
28420,202013,2020-03-22,Central,5
28430,202013,2020-03-22,Lower Southern,1
28440,202013,2020-03-22,Northern,3
28450,202013,2020-03-22,Upper Southern,5
28460,202014,2020-03-29,Bay Area,5
28470,202014,2020-03-29,California,7
28480,202014,2020-03-29,Central,0
28490,202014,2020-03-29,Lower Southern,0
28500,202014,2020-03-29,Northern,0
28510,202014,2020-03-29,Upper Southern,2
28520,202015,2020-04-05,Bay Area,1
28530,202015,2020-04-05,California,1
28540,202015,2020-04-05,Central,0
28550,202015,2020-04-05,Lower Southern,0
28560,202015,2020-04-05,Northern,0
28570,202015,2020-04-05,Upper Southern,0
28580,202016,2020-04-12,Bay Area,0
28590,202016,2020-04-12,California,0
28600,202016,2020-04-12,Central,0
28610,202016,2020-04-12,Lower Southern,0
28620,202016,2020-04-12,Northern,0
28630,202016,2020-04-12,Upper Southern,0
28640,202017,2020-04-19,Bay Area,1
28650,202017,2020-04-19,California,2
28660,202017,2020-04-19,Central,0
28670,202017,2020-04-19,Lower Southern,0
28680,202017,2020-04-19,Northern,0
28690,202017,2020-04-19,Upper Southern,1
28700,202018,2020-04-26,Bay Area,0
28710,202018,2020-04-26,California,1
28720,202018,2020-04-26,Central,0
28730,202018,2020-04-26,Lower Southern,0
28740,202018,2020-04-26,Northern,0
28750,202018,2020-04-26,Upper Southern,1
28760,202019,2020-05-03,Bay Area,0
28770,202019,2020-05-03,California,0
28780,202019,2020-05-03,Central,0
28790,202019,2020-05-03,Lower Southern,0
28800,202019,2020-05-03,Northern,0
28810,202019,2020-05-03,Upper Southern,0
28820,202020,2020-05-10,Bay Area,0
28830,202020,2020-05-10,California,0
28840,202020,2020-05-10,Central,0
28850,202020,2020-05-10,Lower Southern,0
28860,202020,2020-05-10,Northern,0
28870,202020,2020-05-10,Upper Southern,0
28880,202021,2020-05-17,Bay Area,0
28890,202021,2020-05-17,California,0
28900,202021,2020-05-17,Central,0
28910,202021,2020-05-17,Lower Southern,0
28920,202021,2020-05-17,Northern,0
28930,202021,2020-05-17,Upper Southern,0
28940,202022,2020-05-24,Bay Area,0
28950,202022,2020-05-24,California,0
28960,202022,2020-05-24,Central,0
28970,202022,2020-05-24,Lower Southern,0
28980,202022,2020-05-24,Northern,0
28990,202022,2020-05-24,Upper Southern,0
29000,202023,2020-05-31,Bay Area,0
29010,202023,2020-05-31,California,1
29020,202023,2020-05-31,Central,1
29030,202023,2020-05-31,Lower Southern,0
29040,202023,2020-05-31,Northern,0
29050,202023,2020-05-31,Upper Southern,0
29060,202024,2020-06-07,Bay Area,0
29070,202024,2020-06-07,California,1
29080,202024,2020-06-07,Central,0
29090,202024,2020-06-07,Lower Southern,0
29100,202024,2020-06-07,Northern,1
29110,202024,2020-06-07,Upper Southern,0
29120,202025,2020-06-14,Bay Area,0
29130,202025,2020-06-14,California,0
29140,202025,2020-06-14,Central,0
29150,202025,2020-06-14,Lower Southern,0
29160,202025,2020-06-14,Northern,0
29170,202025,2020-06-14,Upper Southern,0
29180,202026,2020-06-21,Bay Area,0
29190,202026,2020-06-21,California,0
29200,202026,2020-06-21,Central,0
29210,202026,2020-06-21,Lower Southern,0
29220,202026,2020-06-21,Northern,0
29230,202026,2020-06-21,Upper Southern,0
29240,202027,2020-06-28,Bay Area,0
29250,202027,2020-06-28,California,0
29260,202027,2020-06-28,Central,0
29270,202027,2020-06-28,Lower Southern,0
29280,202027,2020-06-28,Northern,0
29290,202027,2020-06-28,Upper Southern,0
29300,202028,2020-07-05,Bay Area,0
29310,202028,2020-07-05,California,0
29320,202028,2020-07-05,Central,0
29330,202028,2020-07-05,Lower Southern,0
29340,202028,2020-07-05,Northern,0
29350,202028,2020-07-05,Upper Southern,0
29360,202029,2020-07-12,Bay Area,0
29370,202029,2020-07-12,California,0
29380,202029,2020-07-12,Central,0
29390,202029,2020-07-12,Lower Southern,0
29400,202029,2020-07-12,Northern,0
29410,202029,2020-07-12,Upper Southern,0
29420,202030,2020-07-19,Bay Area,0
29430,202030,2020-07-19,California,1
29440,202030,2020-07-19,Central,0
29450,202030,2020-07-19,Lower Southern,1
29460,202030,2020-07-19,Northern,0
29470,202030,2020-07-19,Upper Southern,0
29480,202031,2020-07-26,Bay Area,0
29490,202031,2020-07-26,California,0
29500,202031,2020-07-26,Central,0
29510,202031,2020-07-26,Lower Southern,0
29520,202031,2020-07-26,Northern,0
29530,202031,2020-07-26,Upper Southern,0
29540,202032,2020-08-02,Bay Area,0
29550,202032,2020-08-02,California,0
29560,202032,2020-08-02,Central,0
29570,202032,2020-08-02,Lower Southern,0
29580,202032,2020-08-02,Northern,0
29590,202032,2020-08-02,Upper Southern,0
29600,202033,2020-08-09,Bay Area,0
29610,202033,2020-08-09,California,0
29620,202033,2020-08-09,Central,0
29630,202033,2020-08-09,Lower Southern,0
29640,202033,2020-08-09,Northern,0
29650,202033,2020-08-09,Upper Southern,0
29660,202034,2020-08-16,Bay Area,0
29670,202034,2020-08-16,California,0
29680,202034,2020-08-16,Central,0
29690,202034,2020-08-16,Lower Southern,0
29700,202034,2020-08-16,Northern,0
29710,202034,2020-08-16,Upper Southern,0
29720,202035,2020-08-23,Bay Area,0
29730,202035,2020-08-23,California,0
29740,202035,2020-08-23,Central,0
29750,202035,2020-08-23,Lower Southern,0
29760,202035,2020-08-23,Northern,0
29770,202035,2020-08-23,Upper Southern,0
29780,202036,2020-08-30,Bay Area,0
29790,202036,2020-08-30,California,0
29800,202036,2020-08-30,Central,0
29810,202036,2020-08-30,Lower Southern,0
29820,202036,2020-08-30,Northern,0
29830,202036,2020-08-30,Upper Southern,0
29840,202037,2020-09-06,Bay Area,0
29850,202037,2020-09-06,California,0
29860,202037,2020-09-06,Central,0
29870,202037,2020-09-06,Lower Southern,0
29880,202037,2020-09-06,Northern,0
29890,202037,2020-09-06,Upper Southern,0
29900,202038,2020-09-13,Bay Area,0
29910,202038,2020-09-13,California,0
29920,202038,2020-09-13,Central,0
29930,202038,2020-09-13,Lower Southern,0
29940,202038,2020-09-13,Northern,0
29950,202038,2020-09-13,Upper Southern,0
29960,202039,2020-09-20,Bay Area,0
29970,202039,2020-09-20,California,0
29980,202039,2020-09-20,Central,0
29990,202039,2020-09-20,Lower Southern,0
30000,202039,2020-09-20,Northern,0
30010,202039,2020-09-20,Upper Southern,0
30020,202040,2020-09-27,Bay Area,0
30030,202040,2020-09-27,California,0
30040,202040,2020-09-27,Central,0
30050,202040,2020-09-27,Lower Southern,0
30060,202040,2020-09-27,Northern,0
30070,202040,2020-09-27,Upper Southern,0
